datetime,t2m
2018-01-01,5.07025625
2018-01-02,5.146515000000022
2018-01-03,4.16244875000001
2018-01-04,5.181733333333398
2018-01-05,7.458652500000028
2018-01-06,8.554394583333362
2018-01-07,7.848878750000097
2018-01-08,6.548049999999989
2018-01-09,6.8463433333334365
2018-01-10,5.632484583333394
2018-01-11,4.805370000000039
2018-01-12,5.930456666666657
2018-01-13,3.6183229166667275
2018-01-14,-0.22979333333330487
2018-01-15,-1.8084887499999809
2018-01-16,2.475757500000043
2018-01-17,4.013149166666665
2018-01-18,3.879561666666689
2018-01-19,4.448000000000036
2018-01-20,2.3489325000000463
2018-01-21,2.3048079166666753
2018-01-22,0.7749379166667154
2018-01-23,1.7549633333333645
2018-01-24,2.343969583333376
2018-01-25,1.5567795833333093
2018-01-26,2.6498587499999644
2018-01-27,2.5544441666667694
2018-01-28,3.884153333333302
2018-01-29,4.037200416666678
2018-01-30,5.618420416666652
2018-01-31,5.191397499999994
2018-02-01,8.450405416666683
2018-02-02,7.993644166666741
2018-02-03,1.3821504166666045
2018-02-04,0.7688579166666045
2018-02-05,0.5672866666666323
2018-02-06,1.3978554166666868
2018-02-07,6.0973970833333055
2018-02-08,2.749906666666618
2018-02-09,2.9753641666667363
2018-02-10,1.8077629166666043
2018-02-11,2.420394999999985
2018-02-12,1.444276666666724
2018-02-13,1.5450137500000665
2018-02-14,1.616476250000062
2018-02-15,1.34613916666666
2018-02-16,2.6971741666666844
2018-02-17,2.7715941666667163
2018-02-18,2.8883270833333654
2018-02-19,1.3798841666666704
2018-02-20,1.199039166666637
2018-02-21,1.3641745833333516
2018-02-22,1.525468749999959
2018-02-23,2.524053750000064
2018-02-24,-0.22756083333337074
2018-02-25,-3.617992916666651
2018-02-26,-4.845160833333239
2018-02-27,-7.994695416666616
2018-02-28,-8.505111250000027
2018-03-01,-9.80702208333338
2018-03-02,-2.1526879166666504
2018-03-03,-1.1759462499999813
2018-03-04,-1.8872429166666507
2018-03-05,-1.4911658333333548
2018-03-06,2.216689166666754
2018-03-07,4.31470041666671
2018-03-08,2.7755612500000097
2018-03-09,6.7028958333334
2018-03-10,9.263129166666715
2018-03-11,12.461516666666682
2018-03-12,12.527230833333363
2018-03-13,9.764509166666699
2018-03-14,7.880814583333347
2018-03-15,9.019465000000025
2018-03-16,9.955299166666748
2018-03-17,6.780697916666611
2018-03-18,1.3177541666666457
2018-03-19,-1.093839166666669
2018-03-20,0.3440995833333318
2018-03-21,-0.3328612500000645
2018-03-22,0.6481183333333433
2018-03-23,-0.15347041666660743
2018-03-24,1.0219479166666474
2018-03-25,3.342527083333266
2018-03-26,3.979044166666654
2018-03-27,6.0773191666667685
2018-03-28,7.5982566666666
2018-03-29,8.602625833333377
2018-03-30,12.795596250000074
2018-03-31,14.474696249999965
2018-04-01,10.433747916666618
2018-04-02,10.429442499999936
2018-04-03,12.948181666666699
2018-04-04,12.913548333333495
2018-04-05,12.972096250000106
2018-04-06,11.47028750000004
2018-04-07,10.91620666666671
2018-04-08,15.24644916666665
2018-04-09,16.70666749999998
2018-04-10,15.408395000000098
2018-04-11,15.614271666666696
2018-04-12,17.4019591666667
2018-04-13,16.55572541666669
2018-04-14,16.90409625000001
2018-04-15,18.579055416666677
2018-04-16,18.175131250000106
2018-04-17,15.21552708333337
2018-04-18,16.728576250000003
2018-04-19,17.067318750000027
2018-04-20,16.525830416666736
2018-04-21,15.883030833333294
2018-04-22,17.917633749999993
2018-04-23,19.499546250000037
2018-04-24,18.79012583333332
2018-04-25,20.093942500000082
2018-04-26,18.594957499999907
2018-04-27,16.59193291666662
2018-04-28,19.908076666666602
2018-04-29,22.196553333333384
2018-04-30,20.79502000000008
2018-05-01,20.37407625000003
2018-05-02,21.72639250000003
2018-05-03,22.142404583333303
2018-05-04,22.755299583333397
2018-05-05,21.40413874999996
2018-05-06,21.08803000000006
2018-05-07,20.000536249999982
2018-05-08,17.930152499999963
2018-05-09,19.53269541666674
2018-05-10,20.233682083333406
2018-05-11,20.870462500000087
2018-05-12,21.76262833333334
2018-05-13,20.188008749999995
2018-05-14,17.31489458333334
2018-05-15,17.861382083333353
2018-05-16,16.1718075
2018-05-17,17.16299958333326
2018-05-18,17.764522916666692
2018-05-19,18.232261250000022
2018-05-20,19.10836458333341
2018-05-21,19.534340833333317
2018-05-22,20.802150416666677
2018-05-23,21.23788875000014
2018-05-24,21.872694583333328
2018-05-25,20.342133750000016
2018-05-26,20.866677916666788
2018-05-27,22.889155416666654
2018-05-28,23.941827500000045
2018-05-29,23.75303958333342
2018-05-30,23.57617750000003
2018-05-31,23.9715291666667
2018-06-01,24.6763233333333
2018-06-02,23.809288333333427
2018-06-03,24.214398333333406
2018-06-04,24.12835208333337
2018-06-05,24.941499583333382
2018-06-06,24.04854333333327
2018-06-07,24.01069250000012
2018-06-08,26.051897499999995
2018-06-09,21.977078749999976
2018-06-10,22.907065833333434
2018-06-11,25.37375458333338
2018-06-12,26.40983083333333
2018-06-13,21.665833333333353
2018-06-14,19.28194124999999
2018-06-15,18.448287916666743
2018-06-16,20.383039999999937
2018-06-17,21.72859416666671
2018-06-18,21.956410833333337
2018-06-19,22.63988333333333
2018-06-20,24.14563208333334
2018-06-21,25.818722500000035
2018-06-22,17.749084166666705
2018-06-23,15.855235416666687
2018-06-24,17.186065833333316
2018-06-25,18.31591250000008
2018-06-26,18.886685416666694
2018-06-27,17.523626250000063
2018-06-28,18.89358750000008
2018-06-29,19.814369166666722
2018-06-30,21.59377625000002
2018-07-01,18.165294583333377
2018-07-02,18.990163333333328
2018-07-03,21.91950416666674
2018-07-04,22.8976520833333
2018-07-05,23.79845458333341
2018-07-06,22.96459708333333
2018-07-07,20.846842500000037
2018-07-08,21.685222500000066
2018-07-09,19.064709583333354
2018-07-10,21.192817916666684
2018-07-11,22.27189416666664
2018-07-12,22.069256666666718
2018-07-13,22.967312083333468
2018-07-14,23.337208750000002
2018-07-15,23.587910000000022
2018-07-16,24.180643333333308
2018-07-17,22.759732499999984
2018-07-18,24.034802500000012
2018-07-19,22.768536666666705
2018-07-20,24.505592916666785
2018-07-21,25.71680500000008
2018-07-22,23.086965416666715
2018-07-23,20.87294541666671
2018-07-24,23.30735791666666
2018-07-25,24.14067541666674
2018-07-26,23.80049624999998
2018-07-27,23.208005833333345
2018-07-28,22.60418500000003
2018-07-29,25.42145750000003
2018-07-30,25.756092500000022
2018-07-31,25.59622791666669
2018-08-01,24.739770416666715
2018-08-02,22.88398166666667
2018-08-03,24.473024166666676
2018-08-04,24.37645458333344
2018-08-05,25.45922291666676
2018-08-06,26.818040833333328
2018-08-07,25.97637583333335
2018-08-08,26.488081249999993
2018-08-09,27.568160833333366
2018-08-10,27.42700500000001
2018-08-11,25.716562083333315
2018-08-12,25.559031249999975
2018-08-13,26.574837916666695
2018-08-14,26.327642916666605
2018-08-15,24.011644166666713
2018-08-16,24.068843749999985
2018-08-17,25.185243333333403
2018-08-18,26.120852500000012
2018-08-19,26.59038833333335
2018-08-20,26.495313333333456
2018-08-21,26.74639874999997
2018-08-22,26.31035166666669
2018-08-23,27.00275750000003
2018-08-24,26.584245416666647
2018-08-25,24.986502916666723
2018-08-26,18.527360000000044
2018-08-27,18.172335833333307
2018-08-28,20.904594166666698
2018-08-29,21.968633750000038
2018-08-30,23.39789250000001
2018-08-31,24.07389999999998
2018-09-01,24.743467916666702
2018-09-02,22.487547916666642
2018-09-03,20.34370208333337
2018-09-04,18.75565958333334
2018-09-05,20.120971250000025
2018-09-06,20.843962916666726
2018-09-07,21.296187916666725
2018-09-08,21.063428333333434
2018-09-09,20.613622500000076
2018-09-10,19.99065999999999
2018-09-11,20.833685000000003
2018-09-12,22.359273333333363
2018-09-13,22.053678333333266
2018-09-14,22.32811750000002
2018-09-15,21.766812500000015
2018-09-16,20.77664875000005
2018-09-17,21.035751250000033
2018-09-18,20.12271291666673
2018-09-19,21.362276666666673
2018-09-20,20.917454166666687
2018-09-21,22.038965833333293
2018-09-22,17.797873750000065
2018-09-23,17.203889583333307
2018-09-24,14.152252083333337
2018-09-25,11.518936249999967
2018-09-26,10.967125833333341
2018-09-27,12.251550000000009
2018-09-28,14.17316041666669
2018-09-29,13.25591083333336
2018-09-30,11.993586666666658
2018-10-01,13.382662500000094
2018-10-02,11.789077083333325
2018-10-03,12.287357916666735
2018-10-04,13.23446041666665
2018-10-05,13.627086666666685
2018-10-06,17.00264249999998
2018-10-07,18.559577916666683
2018-10-08,17.849203750000072
2018-10-09,17.226101666666693
2018-10-10,17.088445416666616
2018-10-11,17.193720833333316
2018-10-12,16.425765416666707
2018-10-13,16.45077541666666
2018-10-14,16.216850833333353
2018-10-15,16.661455833333378
2018-10-16,15.551683750000052
2018-10-17,15.776780416666668
2018-10-18,15.499137083333324
2018-10-19,14.850689999999986
2018-10-20,13.744865000000061
2018-10-21,11.320920416666752
2018-10-22,12.305163750000077
2018-10-23,13.236524583333335
2018-10-24,11.44985041666672
2018-10-25,9.701915833333317
2018-10-26,13.159991250000019
2018-10-27,18.39022333333338
2018-10-28,19.44355166666668
2018-10-29,20.539044999999987
2018-10-30,18.93931791666671
2018-10-31,14.157965000000047
2018-11-01,15.24364875000009
2018-11-02,16.7258966666667
2018-11-03,16.538242083333273
2018-11-04,13.513137083333334
2018-11-05,12.876990000000035
2018-11-06,12.428928333333317
2018-11-07,12.726472916666694
2018-11-08,11.334054999999978
2018-11-09,9.615756666666641
2018-11-10,8.96617416666669
2018-11-11,11.137918333333346
2018-11-12,12.396411249999971
2018-11-13,12.289858750000008
2018-11-14,10.934792916666652
2018-11-15,7.530906249999987
2018-11-16,6.952147916666661
2018-11-17,4.918743333333339
2018-11-18,3.572161249999965
2018-11-19,2.967930416666661
2018-11-20,4.742262916666618
2018-11-21,5.106907500000034
2018-11-22,5.182220000000029
2018-11-23,5.994144166666672
2018-11-24,6.09221249999996
2018-11-25,8.249874999999918
2018-11-26,8.747392916666684
2018-11-27,5.42346166666664
2018-11-28,1.9372758333333309
2018-11-29,0.18447625000004564
2018-11-30,-2.700768333333315
2018-12-01,-2.084759166666686
2018-12-02,0.9769595833333824
2018-12-03,4.941605416666732
2018-12-04,6.194849583333337
2018-12-05,2.9745087500000977
2018-12-06,0.2823845833333394
2018-12-07,2.417995000000019
2018-12-08,5.425016666666693
2018-12-09,4.4414266666667
2018-12-10,4.677497916666709
2018-12-11,2.006932916666699
2018-12-12,1.7138679166666861
2018-12-13,-0.03126499999996213
2018-12-14,-0.369781666666654
2018-12-15,-0.4870745833332535
2018-12-16,-3.172240833333319
2018-12-17,-4.738530000000026
2018-12-18,-4.4818720833333145
2018-12-19,-4.418850416666601
2018-12-20,-3.189560833333246
2018-12-21,0.4283812499999726
2018-12-22,6.850520416666711
2018-12-23,6.571894166666709
2018-12-24,6.235142083333301
2018-12-25,1.546529166666744
2018-12-26,2.5174724999999967
2018-12-27,4.050378750000107
2018-12-28,3.633796666666683
2018-12-29,3.90673541666672
2018-12-30,3.7567695833333232
2018-12-31,3.789529166666682
2019-01-01,1.3862912500000562
2019-01-02,2.746213333333287
2019-01-03,-0.42210000000000036
2019-01-04,-2.06442624999994
2019-01-05,-0.4150358333332633
2019-01-06,0.7990612499999656
2019-01-07,-2.3860087499999167
2019-01-08,-0.9943800000000351
2019-01-09,0.3510499999999297
2019-01-10,-0.6448433333333128
2019-01-11,-1.0468245833333185
2019-01-12,0.12472999999999956
2019-01-13,2.7057537499999285
2019-01-14,4.950735416666703
2019-01-15,1.5346925000000056
2019-01-16,5.180054166666707
2019-01-17,6.060535000000016
2019-01-18,2.849545416666672
2019-01-19,0.34644166666669207
2019-01-20,1.462675000000047
2019-01-21,0.4172983333333491
2019-01-22,-0.7370929166666542
2019-01-23,-1.501412916666652
2019-01-24,-0.49526458333326673
2019-01-25,-2.953762499999982
2019-01-26,-2.5123508333333575
2019-01-27,-2.8521016666666696
2019-01-28,1.4051904166667555
2019-01-29,0.4748237500000414
2019-01-30,0.7661300000000324
2019-01-31,-0.23098083333326258
2019-02-01,3.7048641666666526
2019-02-02,11.62919375000007
2019-02-03,9.217227500000092
2019-02-04,4.063792916666728
2019-02-05,2.493865416666722
2019-02-06,2.785052500000006
2019-02-07,0.6732420833333776
2019-02-08,1.1574474999999325
2019-02-09,2.754808333333358
2019-02-10,4.424456666666686
2019-02-11,5.84160833333334
2019-02-12,3.8984912499999496
2019-02-13,2.4048954166667045
2019-02-14,5.50678083333338
2019-02-15,4.821745000000021
2019-02-16,4.059429166666689
2019-02-17,4.714353333333349
2019-02-18,5.053738750000093
2019-02-19,5.7319654166666965
2019-02-20,6.068680416666609
2019-02-21,5.9689083333333315
2019-02-22,5.126628750000066
2019-02-23,-1.5840195833333155
2019-02-24,-0.7452074999999923
2019-02-25,1.3409145833333582
2019-02-26,6.293294583333363
2019-02-27,5.767690416666653
2019-02-28,8.579159583333364
2019-03-01,10.167137916666661
2019-03-02,7.159515416666693
2019-03-03,7.511508333333325
2019-03-04,11.082187083333395
2019-03-05,9.584285000000023
2019-03-06,9.273621666666656
2019-03-07,13.34943000000004
2019-03-08,13.092176250000023
2019-03-09,11.501491666666709
2019-03-10,13.573013749999973
2019-03-11,7.475453333333348
2019-03-12,5.505245000000002
2019-03-13,5.272328749999986
2019-03-14,6.8064008333333845
2019-03-15,9.582563333333383
2019-03-16,11.270124583333313
2019-03-17,13.488759166666739
2019-03-18,9.143037500000048
2019-03-19,7.629898750000109
2019-03-20,8.300694583333325
2019-03-21,7.706254999999999
2019-03-22,9.365228333333391
2019-03-23,10.897562083333355
2019-03-24,12.661203750000027
2019-03-25,10.632255000000043
2019-03-26,8.421163750000062
2019-03-27,7.496905833333415
2019-03-28,7.499706249999974
2019-03-29,9.010762083333304
2019-03-30,10.930008750000013
2019-03-31,13.308859166666707
2019-04-01,14.497429583333371
2019-04-02,14.665076250000027
2019-04-03,14.644472916666643
2019-04-04,14.990266666666741
2019-04-05,12.072663750000004
2019-04-06,11.519176250000044
2019-04-07,14.486490416666754
2019-04-08,14.44065125000003
2019-04-09,14.97993208333338
2019-04-10,15.22892916666666
2019-04-11,12.650380416666621
2019-04-12,7.871192916666644
2019-04-13,8.134383749999984
2019-04-14,9.646225000000072
2019-04-15,11.167732916666694
2019-04-16,10.582979583333383
2019-04-17,11.060953333333316
2019-04-18,12.13032874999999
2019-04-19,14.020596666666734
2019-04-20,14.072127083333328
2019-04-21,14.43764333333337
2019-04-22,16.103407916666697
2019-04-23,14.171653333333381
2019-04-24,18.225301250000086
2019-04-25,19.312285833333306
2019-04-26,20.479484166666737
2019-04-27,15.56073541666666
2019-04-28,14.095497500000022
2019-04-29,12.096994999999993
2019-04-30,10.886407916666712
2019-05-01,14.23247333333336
2019-05-02,16.399792083333352
2019-05-03,16.458159999999964
2019-05-04,15.635337500000162
2019-05-05,11.606586666666715
2019-05-06,7.479420000000005
2019-05-07,9.687610833333338
2019-05-08,12.20029125000002
2019-05-09,11.907640000000072
2019-05-10,14.759517500000015
2019-05-11,16.970075416666702
2019-05-12,17.574057916666675
2019-05-13,15.2808429166667
2019-05-14,8.242687083333408
2019-05-15,8.956724583333369
2019-05-16,11.00058875000002
2019-05-17,13.421353333333343
2019-05-18,16.22320291666665
2019-05-19,16.754345833333446
2019-05-20,16.751547916666766
2019-05-21,15.791180833333385
2019-05-22,16.842635833333304
2019-05-23,15.798307083333327
2019-05-24,15.589298333333375
2019-05-25,18.828503749999925
2019-05-26,20.485982916666728
2019-05-27,18.502499999999998
2019-05-28,19.631482916666698
2019-05-29,18.17108041666671
2019-05-30,14.869428333333303
2019-05-31,15.073951666666687
2019-06-01,16.895527083333434
2019-06-02,17.71140625000004
2019-06-03,19.597983333333275
2019-06-04,19.567268750000096
2019-06-05,19.600564583333323
2019-06-06,20.900948750000055
2019-06-07,23.08007208333339
2019-06-08,23.376402083333403
2019-06-09,23.123601250000092
2019-06-10,24.84852374999997
2019-06-11,24.8987616666667
2019-06-12,25.371082916666694
2019-06-13,27.100832499999967
2019-06-14,26.726507083333388
2019-06-15,26.974295833333315
2019-06-16,25.770040833333383
2019-06-17,21.624694583333337
2019-06-18,22.450631666666766
2019-06-19,24.000150833333407
2019-06-20,24.76595375000005
2019-06-21,24.861925000000042
2019-06-22,24.63320250000004
2019-06-23,20.876242916666683
2019-06-24,21.26865416666675
2019-06-25,23.810634583333297
2019-06-26,26.806852083333354
2019-06-27,27.89505333333335
2019-06-28,24.03876749999995
2019-06-29,22.347499583333445
2019-06-30,24.29736625000004
2019-07-01,27.35282166666667
2019-07-02,27.491634166666643
2019-07-03,25.825085833333276
2019-07-04,21.47393625000001
2019-07-05,24.102750833333346
2019-07-06,26.863675000000057
2019-07-07,25.305565833333333
2019-07-08,22.046047916666737
2019-07-09,20.824888750000014
2019-07-10,19.170526250000023
2019-07-11,19.199185416666694
2019-07-12,19.016735416666677
2019-07-13,19.349185833333365
2019-07-14,19.478898749999985
2019-07-15,19.91018875000003
2019-07-16,20.8198829166667
2019-07-17,22.253555000000063
2019-07-18,22.87501208333333
2019-07-19,24.01429625000003
2019-07-20,25.960543750000113
2019-07-21,26.785567916666707
2019-07-22,25.99098666666663
2019-07-23,26.121696249999957
2019-07-24,25.28794750000003
2019-07-25,26.847636666666688
2019-07-26,27.292221249999955
2019-07-27,27.461102083333287
2019-07-28,25.825235833333352
2019-07-29,23.391297500000007
2019-07-30,25.357344583333372
2019-07-31,26.637580833333402
2019-08-01,25.31007166666666
2019-08-02,24.947405416666697
2019-08-03,21.905012500000055
2019-08-04,21.707017500000063
2019-08-05,22.537183749999997
2019-08-06,25.319052499999998
2019-08-07,28.41558875000004
2019-08-08,26.294177083333352
2019-08-09,25.68183375000001
2019-08-10,28.186863750000043
2019-08-11,28.141762500000027
2019-08-12,30.150652500000035
2019-08-13,27.43578500000001
2019-08-14,19.863330416666713
2019-08-15,20.608288750000042
2019-08-16,20.60414000000003
2019-08-17,21.165921666666748
2019-08-18,23.47771083333339
2019-08-19,26.00643958333336
2019-08-20,27.272069583333348
2019-08-21,25.980627500000026
2019-08-22,23.88880708333329
2019-08-23,25.525631250000004
2019-08-24,27.306709999999953
2019-08-25,25.605889166666714
2019-08-26,25.93393874999998
2019-08-27,26.65529666666663
2019-08-28,27.942150416666664
2019-08-29,27.380838333333486
2019-08-30,26.810555833333353
2019-08-31,26.67098875000005
2019-09-01,26.947985833333405
2019-09-02,25.883418750000033
2019-09-03,18.657972500000028
2019-09-04,19.190359166666724
2019-09-05,20.44117250000005
2019-09-06,21.92109166666677
2019-09-07,20.742847916666676
2019-09-08,20.673619166666697
2019-09-09,19.69441999999998
2019-09-10,17.75219000000004
2019-09-11,20.15853624999994
2019-09-12,20.94156916666674
2019-09-13,20.671853333333388
2019-09-14,21.22878750000001
2019-09-15,19.510152916666698
2019-09-16,21.226758333333407
2019-09-17,21.398900416666663
2019-09-18,16.196452083333327
2019-09-19,15.068720000000042
2019-09-20,13.254144166666663
2019-09-21,14.569413749999967
2019-09-22,16.574440416666675
2019-09-23,17.303984583333317
2019-09-24,14.909623333333286
2019-09-25,17.72380291666667
2019-09-26,16.865712499999972
2019-09-27,17.59241375000005
2019-09-28,18.486397916666817
2019-09-29,19.006325416666698
2019-09-30,20.73649291666669
2019-10-01,19.87041916666675
2019-10-02,19.52802333333335
2019-10-03,13.627267500000073
2019-10-04,12.549040833333379
2019-10-05,12.619205000000022
2019-10-06,11.53391583333331
2019-10-07,10.442717083333378
2019-10-08,10.429961666666657
2019-10-09,14.10275375000009
2019-10-10,13.568341249999946
2019-10-11,12.998793750000004
2019-10-12,14.85308125000006
2019-10-13,15.84635458333338
2019-10-14,16.77955958333331
2019-10-15,16.77242916666671
2019-10-16,16.528755833333378
2019-10-17,15.874575416666687
2019-10-18,15.692550833333314
2019-10-19,16.20130000000006
2019-10-20,16.65273374999998
2019-10-21,17.11861375000001
2019-10-22,17.852725833333352
2019-10-23,16.97420791666667
2019-10-24,15.487365416666705
2019-10-25,14.816077083333369
2019-10-26,14.710173333333444
2019-10-27,13.490547499999991
2019-10-28,13.519785416666707
2019-10-29,10.582916666666677
2019-10-30,8.446229583333377
2019-10-31,5.989651250000065
2019-11-01,7.963943333333361
2019-11-02,10.964671250000038
2019-11-03,15.809707916666696
2019-11-04,15.21447541666663
2019-11-05,16.82649416666669
2019-11-06,14.262863750000008
2019-11-07,11.58035708333341
2019-11-08,10.774240833333351
2019-11-09,13.28411083333333
2019-11-10,9.192183750000027
2019-11-11,9.536843333333309
2019-11-12,12.017499583333404
2019-11-13,15.568080416666703
2019-11-14,9.187689583333395
2019-11-15,12.343564166666681
2019-11-16,14.562256666666656
2019-11-17,13.958598749999965
2019-11-18,12.693818750000048
2019-11-19,10.842175416666635
2019-11-20,11.35075333333333
2019-11-21,10.624086250000062
2019-11-22,9.068177916666684
2019-11-23,7.0418229166667174
2019-11-24,7.864935833333391
2019-11-25,7.890805000000057
2019-11-26,9.287348333333341
2019-11-27,8.693555833333392
2019-11-28,11.468173750000062
2019-11-29,9.904499166666653
2019-11-30,5.059464999999989
2019-12-01,1.5751708333332886
2019-12-02,3.1601437500000316
2019-12-03,2.4801316666666935
2019-12-04,1.2129500000000348
2019-12-05,0.5584958333333248
2019-12-06,1.1765129166666952
2019-12-07,4.925855000000013
2019-12-08,4.928562083333247
2019-12-09,6.545482083333411
2019-12-10,5.695488333333344
2019-12-11,3.097556250000025
2019-12-12,3.5979958333333
2019-12-13,3.6067537499999958
2019-12-14,5.1737666666666655
2019-12-15,4.259886666666716
2019-12-16,6.274077500000033
2019-12-17,7.498292500000105
2019-12-18,7.291433333333373
2019-12-19,7.067551666666702
2019-12-20,9.882936666666694
2019-12-21,11.718128333333368
2019-12-22,10.25951208333339
2019-12-23,7.132875833333287
2019-12-24,6.920320000000004
2019-12-25,5.930289166666682
2019-12-26,4.741096666666749
2019-12-27,3.029221666666672
2019-12-28,1.985287916666664
2019-12-29,0.2983887500000151
2019-12-30,-1.9217383333332805
2019-12-31,-0.4908462499999473
2020-01-01,0.35151750000005677
2020-01-02,-0.29664791666664314
2020-01-03,-1.0476291666666953
2020-01-04,-0.41990749999996524
2020-01-05,1.7347441666667578
2020-01-06,-0.9481412499999919
2020-01-07,-0.8469799999999736
2020-01-08,-0.969558749999976
2020-01-09,-0.2751233333333971
2020-01-10,0.9523904166667307
2020-01-11,1.614156666666645
2020-01-12,0.08636708333330034
2020-01-13,-0.7914087500000164
2020-01-14,-0.17653833333338298
2020-01-15,-0.5789904166666702
2020-01-16,-0.16649833333332253
2020-01-17,-0.2226758333333123
2020-01-18,-1.3444829166666068
2020-01-19,-0.6944408333333172
2020-01-20,0.6321475000000305
2020-01-21,0.9136733333333495
2020-01-22,-0.6409220833333507
2020-01-23,-0.39144749999996975
2020-01-24,-0.8012620833333699
2020-01-25,0.8287633333333702
2020-01-26,2.3247575000000325
2020-01-27,1.8992958333333263
2020-01-28,6.061562083333399
2020-01-29,3.004601250000121
2020-01-30,3.014752916666737
2020-01-31,7.944164166666667
2020-02-01,10.083895833333315
2020-02-02,11.948435416666655
2020-02-03,11.640618333333293
2020-02-04,7.9289920833332985
2020-02-05,4.506600000000105
2020-02-06,1.9535149999999817
2020-02-07,4.291826666666623
2020-02-08,2.3040487500000495
2020-02-09,2.70464208333334
2020-02-10,9.387789166666721
2020-02-11,7.733966666666731
2020-02-12,5.101557916666707
2020-02-13,5.525607500000035
2020-02-14,6.734515833333319
2020-02-15,6.037927916666661
2020-02-16,5.673714583333322
2020-02-17,7.649294999999995
2020-02-18,8.416052916666729
2020-02-19,6.598567083333307
2020-02-20,5.2013900000000035
2020-02-21,3.6653583333334154
2020-02-22,3.9835387500000934
2020-02-23,7.424553749999973
2020-02-24,8.669080000000065
2020-02-25,8.598374166666758
2020-02-26,8.218544583333369
2020-02-27,5.235697499999958
2020-02-28,6.012337083333364
2020-02-29,5.419966250000073
2020-03-01,8.540618333333384
2020-03-02,12.19128708333335
2020-03-03,12.381591666666793
2020-03-04,6.89835000000005
2020-03-05,5.609351666666669
2020-03-06,8.24651458333335
2020-03-07,7.955449166666654
2020-03-08,6.085839583333325
2020-03-09,6.648231666666732
2020-03-10,6.586076666666713
2020-03-11,9.729147083333373
2020-03-12,12.884201250000046
2020-03-13,10.53503500000005
2020-03-14,8.893026249999991
2020-03-15,5.7538262500000315
2020-03-16,6.418803750000052
2020-03-17,8.768964583333343
2020-03-18,11.076573333333386
2020-03-19,11.133334583333351
2020-03-20,11.824024583333255
2020-03-21,11.405808750000006
2020-03-22,5.3472966666666935
2020-03-23,1.2033487499999183
2020-03-24,0.6672541666666802
2020-03-25,0.6541787500000851
2020-03-26,5.155910000000006
2020-03-27,9.709984166666743
2020-03-28,9.994735000000048
2020-03-29,10.915283750000015
2020-03-30,6.423044583333308
2020-03-31,4.498449999999991
2020-04-01,3.417554166666662
2020-04-02,4.478042500000072
2020-04-03,7.415065833333358
2020-04-04,9.806669583333303
2020-04-05,11.544705416666773
2020-04-06,11.509535000000028
2020-04-07,11.282361666666702
2020-04-08,11.958842916666697
2020-04-09,14.040131666666696
2020-04-10,14.611536666666666
2020-04-11,14.251923333333309
2020-04-12,15.206641666666656
2020-04-13,17.623709583333323
2020-04-14,8.843589166666675
2020-04-15,8.009636666666722
2020-04-16,12.017507916666716
2020-04-17,16.372142500000052
2020-04-18,17.748024583333347
2020-04-19,17.644708333333426
2020-04-20,14.300772083333356
2020-04-21,13.50052875
2020-04-22,13.260050000000035
2020-04-23,14.369000000000085
2020-04-24,15.602453749999995
2020-04-25,17.554089583333393
2020-04-26,14.251340833333359
2020-04-27,15.957257083333275
2020-04-28,18.992219166666757
2020-04-29,16.8437887500001
2020-04-30,16.44381166666676
2020-05-01,15.61685749999998
2020-05-02,13.900383333333309
2020-05-03,13.03511624999993
2020-05-04,13.571483750000027
2020-05-05,14.830162083333335
2020-05-06,12.428613333333374
2020-05-07,14.332572500000026
2020-05-08,15.895253749999995
2020-05-09,18.88559708333338
2020-05-10,19.97291750000005
2020-05-11,20.807889166666712
2020-05-12,12.791252083333347
2020-05-13,17.71843999999993
2020-05-14,19.6092787500001
2020-05-15,17.73167708333341
2020-05-16,15.535317499999962
2020-05-17,17.79817374999999
2020-05-18,19.81216875000007
2020-05-19,19.90879750000005
2020-05-20,16.61628500000012
2020-05-21,16.35659666666669
2020-05-22,15.756074583333373
2020-05-23,18.000506666666695
2020-05-24,16.451475000000016
2020-05-25,15.281784166666682
2020-05-26,14.224265000000003
2020-05-27,15.273590833333287
2020-05-28,16.593363333333343
2020-05-29,16.028321249999976
2020-05-30,14.705515000000048
2020-05-31,13.823368750000043
2020-06-01,16.02320791666665
2020-06-02,16.246808333333377
2020-06-03,17.657690416666696
2020-06-04,20.85911791666672
2020-06-05,20.91915750000004
2020-06-06,21.898574583333357
2020-06-07,22.71673083333343
2020-06-08,20.891572500000052
2020-06-09,19.774485416666664
2020-06-10,19.49535750000001
2020-06-11,20.100943333333305
2020-06-12,21.080895416666692
2020-06-13,22.994816666666736
2020-06-14,23.679715000000044
2020-06-15,20.456199583333387
2020-06-16,18.83173041666663
2020-06-17,19.29111916666676
2020-06-18,19.903877499999965
2020-06-19,20.963529166666774
2020-06-20,18.453971250000052
2020-06-21,17.399497500000052
2020-06-22,19.17917166666672
2020-06-23,20.738844583333332
2020-06-24,20.57992624999997
2020-06-25,21.981840000000034
2020-06-26,24.383766666666645
2020-06-27,25.890853749999962
2020-06-28,26.63958708333331
2020-06-29,26.05831125000003
2020-06-30,23.33239874999998
2020-07-01,26.849577499999953
2020-07-02,26.66364958333338
2020-07-03,23.165825833333372
2020-07-04,22.87874958333333
2020-07-05,24.85921625000003
2020-07-06,26.048142916666677
2020-07-07,20.23480708333335
2020-07-08,20.765745833333426
2020-07-09,24.489196666666658
2020-07-10,27.752572083333348
2020-07-11,26.68234750000005
2020-07-12,20.251972083333328
2020-07-13,20.03713541666673
2020-07-14,20.527115833333312
2020-07-15,21.685095416666684
2020-07-16,22.92282708333329
2020-07-17,17.290933333333328
2020-07-18,18.591899583333372
2020-07-19,17.619800000000055
2020-07-20,21.08562375000008
2020-07-21,24.076367500000003
2020-07-22,24.885139583333398
2020-07-23,24.688227916666676
2020-07-24,23.88320125000007
2020-07-25,21.41621041666673
2020-07-26,22.38224500000007
2020-07-27,23.642796250000004
2020-07-28,25.21883416666668
2020-07-29,26.894867499999975
2020-07-30,28.407120833333295
2020-07-31,27.90814291666669
2020-08-01,26.217748333333304
2020-08-02,24.808526250000057
2020-08-03,27.555761666666683
2020-08-04,25.558734583333376
2020-08-05,21.06334291666667
2020-08-06,22.428292916666635
2020-08-07,24.826174166666704
2020-08-08,24.77474416666672
2020-08-09,25.29412333333329
2020-08-10,25.756590833333348
2020-08-11,25.579597916666728
2020-08-12,24.842084999999997
2020-08-13,25.588458333333335
2020-08-14,23.873406250000016
2020-08-15,22.90075916666666
2020-08-16,24.00648750000005
2020-08-17,25.128945000000044
2020-08-18,22.390258333333293
2020-08-19,22.353673333333347
2020-08-20,23.22472041666674
2020-08-21,24.61660708333335
2020-08-22,25.980885416666695
2020-08-23,23.5909145833333
2020-08-24,23.35746416666666
2020-08-25,21.92990208333339
2020-08-26,22.572008750000066
2020-08-27,23.488482500000032
2020-08-28,24.517926666666597
2020-08-29,27.5398254166667
2020-08-30,29.00924333333336
2020-08-31,22.878884166666637
2020-09-01,18.437458333333325
2020-09-02,17.863222083333312
2020-09-03,19.017138333333435
2020-09-04,19.825971666666646
2020-09-05,21.278655000000015
2020-09-06,22.882943749999924
2020-09-07,21.866331666666724
2020-09-08,20.749132083333336
2020-09-09,21.232961666666654
2020-09-10,22.35695000000004
2020-09-11,22.85423874999998
2020-09-12,24.09369625000005
2020-09-13,24.06911124999999
2020-09-14,24.04338125000004
2020-09-15,24.526593333333324
2020-09-16,24.904838750000124
2020-09-17,24.080883750000055
2020-09-18,18.631465833333323
2020-09-19,16.692155833333402
2020-09-20,19.434836250000103
2020-09-21,20.856482083333333
2020-09-22,21.457605000000115
2020-09-23,21.468577916666675
2020-09-24,21.064730833333385
2020-09-25,20.787021250000066
2020-09-26,15.338795416666699
2020-09-27,14.591935416666672
2020-09-28,17.761819999999943
2020-09-29,14.270444999999995
2020-09-30,15.407307500000059
